Workbook

Sheet Pre-prod
A1: Employee name | B1: AD Group role: | C1: Privilege Level | D1: Title | E1: IAM role: | F1: ClientIQ role and ID | G1: Privilege Level2 | H1: Dev Testing Role? | I1: Testing Role2 | J1: Testing AD Role ID | K1: Testing Privilege Level | L1: Testing Client_IQ_Group
A2: Jared Souter | B2: CTRL_PRE_APP_ClientIQ_APPSVCS_ADM | C2: 4 | D2: EVP, COO | E2: IAM_PRE_APP_RSA_ClientIQ_GEN_EXEC | F2: =IFERROR(VLOOKUP(TRIM(B2),Table6[],3,0),VLOOKUP(L2,Table6[],2,0)) -> System Admin | G2: 4 | H2: =IF(COUNTIF(tester_roles[Tester_Name],'Pre-prod'!A2)>0,"Y","N") -> N | I2: =IFERROR(VLOOKUP(A2,tester_roles[],2,0),"") | J2: =IFERROR(VLOOKUP(A2,tester_roles[#All],5,0),"") | K2: =IFERROR(VLOOKUP(I2,roles[],2,0),"") | L2: =IFERROR(VLOOKUP(A2,tester_roles[],3,0),"")
A3: Naga Adapala | B3: CTRL_PRE_APP_ClientIQ_APPSVCS_ADM | C3: 4 | D3: SVP, CIO | E3: IAM_PRE_APP_RSA_ClientIQ_GEN_EXEC | F3: =IFERROR(VLOOKUP(TRIM(B3),Table6[],3,0),VLOOKUP(L3,Table6[],2,0)) -> System Admin | G3: 4 | H3: =IF(COUNTIF(tester_roles[Tester_Name],'Pre-prod'!A3)>0,"Y","N") -> Y | I3: =IFERROR(VLOOKUP(A3,tester_roles[],2,0),"") -> Teller | J3: =IFERROR(VLOOKUP(A3,tester_roles[#All],5,0),"") -> 2 | K3: =IFERROR(VLOOKUP(I3,roles[],2,0),"") -> 1 | L3: =IFERROR(VLOOKUP(A3,tester_roles[],3,0),"") -> CTRL_PRE_APP_ClientIQ_Teller_RO
A4: Juan Sanchez | B4: CTRL_PRE_APP_ClientIQ_APPSVCS_ADM | C4: 4 | D4: VP, Application Services Manager | E4: IAM_PRE_APP_RSA_ClientIQ_GEN_EXEC | F4: =IFERROR(VLOOKUP(TRIM(B4),Table6[],3,0),VLOOKUP(L4,Table6[],2,0)) -> System Admin | G4: 4 | H4: =IF(COUNTIF(tester_roles[Tester_Name],'Pre-prod'!A4)>0,"Y","N") -> N | I4: =IFERROR(VLOOKUP(A4,tester_roles[],2,0),"") | J4: =IFERROR(VLOOKUP(A4,tester_roles[#All],5,0),"") | K4: =IFERROR(VLOOKUP(I4,roles[],2,0),"") | L4: =IFERROR(VLOOKUP(A4,tester_roles[],3,0),"")
A5: Stanley Tucker | B5: CTRL_PRE_APP_ClientIQ_BranchManager_MOD | C5: 3 | D5: Data Automation Spec/Business Process Analyst | E5: IAM_PRE_APP_RSA_ClientIQ_GEN_EXEC | F5: =IFERROR(VLOOKUP(TRIM(B5),Table6[],3,0),VLOOKUP(L5,Table6[],2,0)) -> Branch Manager | G5: 3 | H5: =IF(COUNTIF(tester_roles[Tester_Name],'Pre-prod'!A5)>0,"Y","N") -> N | I5: =IFERROR(VLOOKUP(A5,tester_roles[],2,0),"") | J5: =IFERROR(VLOOKUP(A5,tester_roles[#All],5,0),"") | K5: =IFERROR(VLOOKUP(I5,roles[],2,0),"") | L5: =IFERROR(VLOOKUP(A5,tester_roles[],3,0),"")
A6: Ryan Kerlagon | B6: CTRL_PRE_APP_ClientIQ_BranchManager_MOD | C6: 3 | D6: Business Intelligence Analyst | E6: IAM_PRE_APP_RSA_ClientIQ_GEN_EXEC | F6: =IFERROR(VLOOKUP(TRIM(B6),Table6[],3,0),VLOOKUP(L6,Table6[],2,0)) -> Branch Manager | G6: 3 | H6: =IF(COUNTIF(tester_roles[Tester_Name],'Pre-prod'!A6)>0,"Y","N") -> Y | I6: =IFERROR(VLOOKUP(A6,tester_roles[],2,0),"") -> Teller | J6: =IFERROR(VLOOKUP(A6,tester_roles[#All],5,0),"") -> 2 | K6: =IFERROR(VLOOKUP(I6,roles[],2,0),"") -> 1 | L6: =IFERROR(VLOOKUP(A6,tester_roles[],3,0),"") -> CTRL_PRE_APP_ClientIQ_Teller_RO
A7: Trevor Dowds | B7: CTRL_PRE_APP_ClientIQ_APPSVCS_ADM | C7: 4 | D7: Technology Product Manager | E7: IAM_PRE_APP_RSA_ClientIQ_GEN_EXEC | F7: =IFERROR(VLOOKUP(TRIM(B7),Table6[],3,0),VLOOKUP(L7,Table6[],2,0)) -> System Admin | G7: 4 | H7: =IF(COUNTIF(tester_roles[Tester_Name],'Pre-prod'!A7)>0,"Y","N") -> Y | I7: =IFERROR(VLOOKUP(A7,tester_roles[],2,0),"") -> Risk Analyst | J7: =IFERROR(VLOOKUP(A7,tester_roles[#All],5,0),"") -> 11 | K7: =IFERROR(VLOOKUP(I7,roles[],2,0),"") -> 1 | L7: =IFERROR(VLOOKUP(A7,tester_roles[],3,0),"") -> CTRL_PRE_APP_ClientIQ_Risk_RO
A8: Ankith Mareddy | B8: CTRL_PRE_APP_ClientIQ_APPSVCS_ADM | C8: 4 | D8: Technology Product Analyst | E8: IAM_PRE_APP_RSA_ClientIQ_GEN_EXEC | F8: =IFERROR(VLOOKUP(TRIM(B8),Table6[],3,0),VLOOKUP(L8,Table6[],2,0)) -> System Admin | G8: 4 | H8: =IF(COUNTIF(tester_roles[Tester_Name],'Pre-prod'!A8)>0,"Y","N") -> Y | I8: =IFERROR(VLOOKUP(A8,tester_roles[],2,0),"") -> BRS | J8: =IFERROR(VLOOKUP(A8,tester_roles[#All],5,0),"") -> 3 | K8: =IFERROR(VLOOKUP(I8,roles[],2,0),"") | L8: =IFERROR(VLOOKUP(A8,tester_roles[],3,0),"") -> CTRL_PRE_APP_ClientIQ_BusinessBanker_RW
A9: Eva Wong Hang | B9: CTRL_PRE_APP_ClientIQ_BranchManager_MOD | C9: 3 | D9: VP, Business Project Manager | E9: IAM_PRE_APP_RSA_ClientIQ_GEN_EXEC | F9: =IFERROR(VLOOKUP(TRIM(B9),Table6[],3,0),VLOOKUP(L9,Table6[],2,0)) -> Branch Manager | G9: 3 | H9: =IF(COUNTIF(tester_roles[Tester_Name],'Pre-prod'!A9)>0,"Y","N") -> Y | I9: =IFERROR(VLOOKUP(A9,tester_roles[],2,0),"") -> Branch Manager | J9: =IFERROR(VLOOKUP(A9,tester_roles[#All],5,0),"") -> 4 | K9: =IFERROR(VLOOKUP(I9,roles[],2,0),"") -> 3 | L9: =IFERROR(VLOOKUP(A9,tester_roles[],3,0),"") -> CTRL_PRE_APP_ClientIQ_BranchManager_MOD
A10: Ephraim Olivera | B10: CTRL_PRE_APP_ClientIQ_BranchManager_MOD | C10: 3 | D10: VP, CRM Manager | E10: IAM_PRE_APP_RSA_ClientIQ_GEN_EXEC | F10: =IFERROR(VLOOKUP(TRIM(B10),Table6[],3,0),VLOOKUP(L10,Table6[],2,0)) -> Branch Manager | G10: 3 | H10: =IF(COUNTIF(tester_roles[Tester_Name],'Pre-prod'!A10)>0,"Y","N") -> N | I10: =IFERROR(VLOOKUP(A10,tester_roles[],2,0),"") | J10: =IFERROR(VLOOKUP(A10,tester_roles[#All],5,0),"") | K10: =IFERROR(VLOOKUP(I10,roles[],2,0),"") | L10: =IFERROR(VLOOKUP(A10,tester_roles[],3,0),"")
A11: David Tran | B11: CTRL_PRE_APP_ClientIQ_APPSVCS_ADM | C11: 4 | D11: Applications Systems Administrator | E11: IAM_PRE_APP_RSA_ClientIQ_GEN_EXEC | F11: =IFERROR(VLOOKUP(TRIM(B11),Table6[],3,0),VLOOKUP(L11,Table6[],2,0)) -> System Admin | G11: 4 | H11: =IF(COUNTIF(tester_roles[Tester_Name],'Pre-prod'!A11)>0,"Y","N") -> N | I11: =IFERROR(VLOOKUP(A11,tester_roles[],2,0),"") | J11: =IFERROR(VLOOKUP(A11,tester_roles[#All],5,0),"") | K11: =IFERROR(VLOOKUP(I11,roles[],2,0),"") | L11: =IFERROR(VLOOKUP(A11,tester_roles[],3,0),"")
A12: John Emerson | B12: CTRL_PRE_APP_ClientIQ_APPSVCS_ADM | C12: 4 | D12: Development Ops Engineer | E12: IAM_PRE_APP_RSA_ClientIQ_GEN_EXEC | F12: =IFERROR(VLOOKUP(TRIM(B12),Table6[],3,0),VLOOKUP(L12,Table6[],2,0)) -> System Admin | G12: 4 | H12: =IF(COUNTIF(tester_roles[Tester_Name],'Pre-prod'!A12)>0,"Y","N") -> N | I12: =IFERROR(VLOOKUP(A12,tester_roles[],2,0),"") | J12: =IFERROR(VLOOKUP(A12,tester_roles[#All],5,0),"") | K12: =IFERROR(VLOOKUP(I12,roles[],2,0),"") | L12: =IFERROR(VLOOKUP(A12,tester_roles[],3,0),"")
A13: John Eichler | B13: CTRL_PRE_APP_ClientIQ_APPSVCS_ADM | C13: 4 | D13: VP, Data Governance Architect | E13: IAM_PRE_APP_RSA_ClientIQ_GEN_EXEC | F13: =IFERROR(VLOOKUP(TRIM(B13),Table6[],3,0),VLOOKUP(L13,Table6[],2,0)) -> System Admin | G13: 4 | H13: =IF(COUNTIF(tester_roles[Tester_Name],'Pre-prod'!A13)>0,"Y","N") -> Y | I13: =IFERROR(VLOOKUP(A13,tester_roles[],2,0),"") -> Teller | J13: =IFERROR(VLOOKUP(A13,tester_roles[#All],5,0),"") -> 2 | K13: =IFERROR(VLOOKUP(I13,roles[],2,0),"") -> 1 | L13: =IFERROR(VLOOKUP(A13,tester_roles[],3,0),"") -> CTRL_PRE_APP_ClientIQ_Teller_RO
... A32: Jason Bennett | B32: CTRL_PRE_APP_ClientIQ_BranchManager_MOD | C32: 3 | D32: Director of Branch Banking | E32: IAM_PRE_APP_RSA_ClientIQ_GEN_EXEC | F32: =IFERROR(VLOOKUP(TRIM(B32),Table6[],3,0),VLOOKUP(L32,Table6[],2,0)) -> Branch Manager | G32: 3 | H32: =IF(COUNTIF(tester_roles[Tester_Name],'Pre-prod'!A32)>0,"Y","N") -> N | I32: =IFERROR(VLOOKUP(A32,tester_roles[],2,0),"") | J32: =IFERROR(VLOOKUP(A32,tester_roles[#All],5,0),"") | K32: =IFERROR(VLOOKUP(I32,roles[],2,0),"") | L32: =IFERROR(VLOOKUP(A32,tester_roles[],3,0),"")
A33: Logan Suguitan | F33: =IFERROR(VLOOKUP(TRIM(B33),Table6[],3,0),VLOOKUP(L33,Table6[],2,0)) -> CTRL_STG_APP_ClientIQ_AppAdmin_ADM | H33: =IF(COUNTIF(tester_roles[Tester_Name],'Pre-prod'!A33)>0,"Y","N") -> Y | I33: =IFERROR(VLOOKUP(A33,tester_roles[],2,0),"") -> System Admin | J33: =IFERROR(VLOOKUP(A33,tester_roles[#All],5,0),"") -> 9 | K33: =IFERROR(VLOOKUP(I33,roles[],2,0),"") -> 4 | L33: =IFERROR(VLOOKUP(A33,tester_roles[],3,0),"") -> CTRL_PRE_APP_ClientIQ_APPSVCS_ADM
A34: Harshit Bhavnani | F34: =IFERROR(VLOOKUP(TRIM(B34),Table6[],3,0),VLOOKUP(L34,Table6[],2,0)) -> CTRL_STG_APP_ClientIQ_LoanOfficer_RW | H34: =IF(COUNTIF(tester_roles[Tester_Name],'Pre-prod'!A34)>0,"Y","N") -> Y | I34: =IFERROR(VLOOKUP(A34,tester_roles[],2,0),"") -> Loan Officer | J34: =IFERROR(VLOOKUP(A34,tester_roles[#All],5,0),"") -> 10 | K34: =IFERROR(VLOOKUP(I34,roles[],2,0),"") -> 2 | L34: =IFERROR(VLOOKUP(A34,tester_roles[],3,0),"") -> CTRL_PRE_APP_ClientIQ_LoanOfficer_RW
A35: Haroun Ahmady | F35: =IFERROR(VLOOKUP(TRIM(B35),Table6[],3,0),VLOOKUP(L35,Table6[],2,0)) -> CTRL_STG_APP_ClientIQ_Compliance_RO | H35: =IF(COUNTIF(tester_roles[Tester_Name],'Pre-prod'!A35)>0,"Y","N") -> Y | I35: =IFERROR(VLOOKUP(A35,tester_roles[],2,0),"") -> Compliance Officer | J35: =IFERROR(VLOOKUP(A35,tester_roles[#All],5,0),"") -> 12 | K35: =IFERROR(VLOOKUP(I35,roles[],2,0),"") -> 1 | L35: =IFERROR(VLOOKUP(A35,tester_roles[],3,0),"") -> CTRL_PRE_APP_ClientIQ_Compliance_RO

Sheet AD_Groups
A2: CTRL_STG_APP_ClientIQ_AppAdmin_ADM
A3: CTRL_STG_APP_ClientIQ_Compliance_RO
A4: CTRL_STG_APP_ClientIQ_Risk_RO
A5: CTRL_STG_APP_ClientIQ_Teller_RO
A6: CTRL_STG_APP_ClientIQ_BusinessBanker_RW
A7: CTRL_STG_APP_ClientIQ_LoanOfficer_RW
A8: CTRL_STG_APP_ClientIQ_BranchManager_MOD
A9: CTRL_TST_APP_ClientIQ_AppAdmin_ADM
A10: CTRL_TST_APP_ClientIQ_GEN_RW
A11: CTRL_DEV_APP_ClientIQ_AppAdmin_ADM
A12: CTRL_DEV_APP_ClientIQ_GEN_RW
A13: CTRL_STG_APP_ClientIQ_DataAnalyst_RO
... A25: IAM_PRD_APP_RSA_ClientIQ_GEN_EXEC

Sheet Client_IQ_Groups
A1: AD_Groups Pre Prod Groups | B1: AD_Groups Staging Groups | C1: Column1
A2: CTRL_PRE_APP_ClientIQ_Teller_RO | B2: CTRL_STG_APP_ClientIQ_Teller_RO | C2: Teller
A3: CTRL_PRE_APP_ClientIQ_Risk_RO | B3: CTRL_STG_APP_ClientIQ_Risk_RO | C3: Risk Analyst
A4: CTRL_PRE_APP_ClientIQ_LoanOfficer_RW | B4: CTRL_STG_APP_ClientIQ_LoanOfficer_RW | C4: Loan Officer
A5: CTRL_PRE_APP_ClientIQ_DataAnalyst_RO | B5: CTRL_STG_APP_ClientIQ_DataAnalyst_RO
A6: CTRL_PRE_APP_ClientIQ_Compliance_RO | B6: CTRL_STG_APP_ClientIQ_Compliance_RO | C6: Compliance Officer
A7: CTRL_PRE_APP_ClientIQ_BusinessBanker_RW | B7: CTRL_STG_APP_ClientIQ_BusinessBanker_RW | C7: BRS
A8: CTRL_PRE_APP_ClientIQ_BranchManager_MOD | B8: CTRL_STG_APP_ClientIQ_BranchManager_MOD | C8: Branch Manager
A9: CTRL_PRE_APP_ClientIQ_APPSVCS_ADM | B9: CTRL_STG_APP_ClientIQ_AppAdmin_ADM | C9: System Admin
A10: IAM_PRE_APP_RSA_ClientIQ_GEN_EXEC | B10: IAM_STG_APP_RSA_ClientIQ_GEN_EXEC

Sheet Tester_Roles
A1: Tester_Name | B1: Role_Name | C1: AD group Role | D1: Client IQ Role | E1: Role ID
A2: Eva Wong Hang | B2: Branch Manager | C2: CTRL_PRE_APP_ClientIQ_BranchManager_MOD | D2: Branch Manager with Role ID 4 | E2: =VLOOKUP(B2,role_id[],2,0) -> 4
A3: Logan Suguitan | B3: System Admin | C3: CTRL_PRE_APP_ClientIQ_APPSVCS_ADM | D3: Systems Adminstrator Role ID 9 | E3: =VLOOKUP(B3,role_id[],2,0) -> 9
A4: John Eichler | B4: Teller | C4: CTRL_PRE_APP_ClientIQ_Teller_RO | D4: Teller with Role ID 2 | E4: =VLOOKUP(B4,role_id[],2,0) -> 2
A5: Ankith Mareddy | B5: BRS | C5: CTRL_PRE_APP_ClientIQ_BusinessBanker_RW | D5: BRS with role ID 3 | E5: =VLOOKUP(B5,role_id[],2,0) -> 3
A6: Harshit Bhavnani | B6: Loan Officer | C6: CTRL_PRE_APP_ClientIQ_LoanOfficer_RW | D6: Loan Officer with ID 10 | E6: =VLOOKUP(B6,role_id[],2,0) -> 10
A7: Naga Adapala | B7: Teller | C7: CTRL_PRE_APP_ClientIQ_Teller_RO | D7: Teller with Role ID 2 | E7: =VLOOKUP(B7,role_id[],2,0) -> 2
A8: Ryan Kerlagon | B8: Teller | C8: CTRL_PRE_APP_ClientIQ_Teller_RO | D8: Teller with Role ID 2 | E8: =VLOOKUP(B8,role_id[],2,0) -> 2
A9: Trevor Dowds | B9: Risk Analyst | C9: CTRL_PRE_APP_ClientIQ_Risk_RO | D9: Risk Analyst with Role ID 11 | E9: =VLOOKUP(B9,role_id[],2,0) -> 11
A10: Haroun Ahmady | B10: Compliance Officer | C10: CTRL_PRE_APP_ClientIQ_Compliance_RO | D10: Compliance Officer with Role ID 12 | E10: =VLOOKUP(B10,role_id[],2,0) -> 12

Sheet Privilege_Levels
A1: Tier | B1: Level | C1: Authority
A2: System Admin | B2: 4 | C2: Everything. User/role management, SAML config, all data.
A3: Senior/Branch | B3: 3 | C3: Can view employee customer records. Most operational access.
A4: Manager | B4: 2 | C4: Team management. Can view user list. Standard operational access.
A5: Staff | B5: 1 | C5: Basic customer and account operations. No admin access.
A6: Read-Only | B6: 0 | C6: Minimal access. View-only on permitted resources.

Sheet Roles
A1: Role | B1: Privilege Level | C1: Description
A2: System Admin | B2: 4 | C2: Full system access. Manages users, roles, SAML mappings.
A3: Branch Manager | B3: 3 | C3: Branch-level authority. Can view employee customer data.
A4: Assistant Manager | B4: 2 | C4: Team management. Limited user management.
A5: Loan Officer | B5: 2 | C5: Lending operations. Account and customer access.
A6: Business Banker | B6: 2 | C6: Business relationship management.
A7: Teller | B7: 1 | C7: Day-to-day customer and account operations.
A8: Customer Service Rep | B8: 1 | C8: Basic customer lookup and service.
A9: Risk Analyst | B9: 1 | C9: Risk monitoring and review.
A10: Compliance Officer | B10: 1 | C10: Compliance monitoring.

Sheet role_id
A1: role_name | B1: role_id | C1: privilege_level | D1: description | E1: AD Groups
A2: Employee | B2: 1 | C2: 1 | D2: General employee with basic customer service permis...
A3: Teller | B3: 2 | C3: 1 | D3: Teller with transaction processing permissions | E3: CTRL_STG_APP_ClientIQ_Teller_RO
A4: BRS | B4: 3 | C4: 2 | D4: Business Relationship Specialist with enhanced cust... | E4: CTRL_STG_APP_ClientIQ_BusinessBanker_RW
A5: Branch Manager | B5: 4 | C5: 3 | D5: Branch Manager with management and oversight per... | E5: CTRL_STG_APP_ClientIQ_BranchManager_MOD
A6: Ops Manager | B6: 5 | C6: 3 | D6: Operations Manager with operational oversight | E6: CTRL_STG_APP_ClientIQ_BranchManager_MOD
A7: Relationship Manager | B7: 6 | C7: 3 | D7: Relationship Manager with client relationship permissi...
A8: Regional Manager | B8: 7 | C8: 3 | D8: Regional Manager with multi branch oversight
A9: Executive | B9: 8 | C9: 3 | D9: Executive with strategic oversight permissions | E9: IAM_STG_APP_RSA_ClientIQ_GEN_EXEC
A10: System Admin | B10: 9 | C10: 4 | D10: System Administrator with full system access | E10: CTRL_STG_APP_ClientIQ_AppAdmin_ADM
A11: Loan Officer | B11: 10 | C11: 2 | D11: Handles loan processing and approvals | E11: CTRL_STG_APP_ClientIQ_LoanOfficer_RW
A12: Risk Analyst | B12: 11 | C12: 1 | D12: Analyzes financial and credit risks | E12: CTRL_STG_APP_ClientIQ_Risk_RO
A13: Compliance Officer | B13: 12 | C13: 1 | D13: Ensures regulatory compliance | E13: CTRL_STG_APP_ClientIQ_Compliance_RO
